{"files":{"application-7a0b75a887eea7e70b1dc46815e600a6ecf708890ac02bdc3bac7c54c078c72e.js":{"logical_path":"application.js","mtime":"2015-10-28T15:43:12-04:00","size":895400,"digest":"7a0b75a887eea7e70b1dc46815e600a6ecf708890ac02bdc3bac7c54c078c72e","integrity":"sha256-egt1qIfup+cLHcRoFeYApuz3CIkKwCvcO6x8VMB4xy4="},"application-088d9a6085f2d973e75cc7ebdc411e0bc6ef029d8340ad58f8c282fdeb4890dd.css":{"logical_path":"application.css","mtime":"2015-10-28T14:01:35-04:00","size":128155,"digest":"088d9a6085f2d973e75cc7ebdc411e0bc6ef029d8340ad58f8c282fdeb4890dd","integrity":"sha256-CI2aYIXy2XPnXMfr3EEeC8bvAp2DQK1Y+MKC/etIkN0="},"bootstrap/glyphicons-halflings-regular-f495f34e4f177cf0115af995bbbfeb3fcabc88502876e76fc51a4ab439bc8431.eot":{"logical_path":"bootstrap/glyphicons-halflings-regular.eot","mtime":"2015-10-06T14:35:03-04:00","size":20335,"digest":"f495f34e4f177cf0115af995bbbfeb3fcabc88502876e76fc51a4ab439bc8431","integrity":"sha256-9JXzTk8XfPARWvmVu7/rP8q8iFAodudvxRpKtDm8hDE="},"bootstrap/glyphicons-halflings-regular-d168d50a88c730b4e6830dc0da2a2b51dae4658a77d9619943c27b8ecfc19d1a.svg":{"logical_path":"bootstrap/glyphicons-halflings-regular.svg","mtime":"2015-10-06T14:35:03-04:00","size":62927,"digest":"d168d50a88c730b4e6830dc0da2a2b51dae4658a77d9619943c27b8ecfc19d1a","integrity":"sha256-0WjVCojHMLTmgw3A2iorUdrkZYp32WGZQ8J7js/BnRo="},"bootstrap/glyphicons-halflings-regular-bd18efd3efd70fec8ad09611a20cdbf99440b2c1d40085c29be036f891d65358.ttf":{"logical_path":"bootstrap/glyphicons-halflings-regular.ttf","mtime":"2015-10-06T14:35:03-04:00","size":41280,"digest":"bd18efd3efd70fec8ad09611a20cdbf99440b2c1d40085c29be036f891d65358","integrity":"sha256-vRjv0+/XD+yK0JYRogzb+ZRAssHUAIXCm+A2+JHWU1g="},"bootstrap/glyphicons-halflings-regular-fc969dc1c6ff531abcf368089dcbaf5775133b0626ff56b52301a059fc0f9e1e.woff":{"logical_path":"bootstrap/glyphicons-halflings-regular.woff","mtime":"2015-10-06T14:35:03-04:00","size":23320,"digest":"fc969dc1c6ff531abcf368089dcbaf5775133b0626ff56b52301a059fc0f9e1e","integrity":"sha256-/Jadwcb/Uxq882gIncuvV3UTOwYm/1a1IwGgWfwPnh4="},"jquery-ui/ui-bg_flat_0_aaaaaa_40x100-9a8492a580bf85d3e98ae8861fbd45567e5a1f83eeafcf9574da0399d5f602ab.png":{"logical_path":"jquery-ui/ui-bg_flat_0_aaaaaa_40x100.png","mtime":"2015-10-28T14:18:51-04:00","size":180,"digest":"9a8492a580bf85d3e98ae8861fbd45567e5a1f83eeafcf9574da0399d5f602ab","integrity":"sha256-moSSpYC/hdPpiuiGH71FVn5aH4Pur8+VdNoDmdX2Aqs="},"jquery-ui/ui-bg_flat_75_ffffff_40x100-39ab7ccd9f4e82579da78a9241265df288d8eb65dbbd7cf48aed2d0129887df5.png":{"logical_path":"jquery-ui/ui-bg_flat_75_ffffff_40x100.png","mtime":"2015-10-28T14:18:51-04:00","size":178,"digest":"39ab7ccd9f4e82579da78a9241265df288d8eb65dbbd7cf48aed2d0129887df5","integrity":"sha256-Oat8zZ9Ogledp4qSQSZd8ojY62XbvXz0iu0tASmIffU="},"jquery-ui/ui-bg_glass_55_fbf9ee_1x400-691597e8a40a891ea94d3589976ecfc33e6145c49422443b00ac2b5a0022964c.png":{"logical_path":"jquery-ui/ui-bg_glass_55_fbf9ee_1x400.png","mtime":"2015-10-28T14:18:51-04:00","size":120,"digest":"691597e8a40a891ea94d3589976ecfc33e6145c49422443b00ac2b5a0022964c","integrity":"sha256-aRWX6KQKiR6pTTWJl27Pwz5hRcSUIkQ7AKwrWgAilkw="},"jquery-ui/ui-bg_glass_65_ffffff_1x400-f0e6cd91b837d5c5644d026e5ffeccd907953317cd5c0f689901733afda260b2.png":{"logical_path":"jquery-ui/ui-bg_glass_65_ffffff_1x400.png","mtime":"2015-10-28T14:18:51-04:00","size":105,"digest":"f0e6cd91b837d5c5644d026e5ffeccd907953317cd5c0f689901733afda260b2","integrity":"sha256-8ObNkbg31cVkTQJuX/7M2QeVMxfNXA9omQFzOv2iYLI="},"jquery-ui/ui-bg_glass_75_dadada_1x400-c108f5cbf2dd9ec07a26530695ddd95e1664597ce6c056ae44c162cc2e28cec4.png":{"logical_path":"jquery-ui/ui-bg_glass_75_dadada_1x400.png","mtime":"2015-10-28T14:18:51-04:00","size":111,"digest":"c108f5cbf2dd9ec07a26530695ddd95e1664597ce6c056ae44c162cc2e28cec4","integrity":"sha256-wQj1y/LdnsB6JlMGld3ZXhZkWXzmwFauRMFizC4ozsQ="},"jquery-ui/ui-bg_glass_75_e6e6e6_1x400-ddf5dd4e0ef2b185e8bb0af7b6e90ebe74a84384cb4700658e76e754c8bfe550.png":{"logical_path":"jquery-ui/ui-bg_glass_75_e6e6e6_1x400.png","mtime":"2015-10-28T14:18:51-04:00","size":110,"digest":"ddf5dd4e0ef2b185e8bb0af7b6e90ebe74a84384cb4700658e76e754c8bfe550","integrity":"sha256-3fXdTg7ysYXouwr3tukOvnSoQ4TLRwBljnbnVMi/5VA="},"jquery-ui/ui-bg_glass_95_fef1ec_1x400-f6f1c1bedf1a0f37cfef81d12f5f012869d1ee7c984775a569827a1784d34f5c.png":{"logical_path":"jquery-ui/ui-bg_glass_95_fef1ec_1x400.png","mtime":"2015-10-28T14:18:51-04:00","size":119,"digest":"f6f1c1bedf1a0f37cfef81d12f5f012869d1ee7c984775a569827a1784d34f5c","integrity":"sha256-9vHBvt8aDzfP74HRL18BKGnR7nyYR3WlaYJ6F4TTT1w="},"jquery-ui/ui-bg_highlight-soft_75_cccccc_1x100-54270656df079c4da5182629a080fc633b6f84b87985eb016d25a560e2c38d4a.png":{"logical_path":"jquery-ui/ui-bg_highlight-soft_75_cccccc_1x100.png","mtime":"2015-10-28T14:18:51-04:00","size":101,"digest":"54270656df079c4da5182629a080fc633b6f84b87985eb016d25a560e2c38d4a","integrity":"sha256-VCcGVt8HnE2lGCYpoID8YztvhLh5hesBbSWlYOLDjUo="},"jquery-ui/ui-icons_222222_256x240-57adb0d65f4e91dacfee975d9574422bee7486c8a182d60133728c672f2cdbbc.png":{"logical_path":"jquery-ui/ui-icons_222222_256x240.png","mtime":"2015-10-28T14:18:51-04:00","size":4369,"digest":"57adb0d65f4e91dacfee975d9574422bee7486c8a182d60133728c672f2cdbbc","integrity":"sha256-V62w1l9OkdrP7pddlXRCK+50hsihgtYBM3KMZy8s27w="},"jquery-ui/ui-icons_2e83ff_256x240-20f8c6667afc48aa433ee9eb6d8a0584bdbd6b4a4a9091ff1e6b3adb31e63bd9.png":{"logical_path":"jquery-ui/ui-icons_2e83ff_256x240.png","mtime":"2015-10-28T14:18:51-04:00","size":4369,"digest":"20f8c6667afc48aa433ee9eb6d8a0584bdbd6b4a4a9091ff1e6b3adb31e63bd9","integrity":"sha256-IPjGZnr8SKpDPunrbYoFhL29a0pKkJH/Hms62zHmO9k="},"jquery-ui/ui-icons_454545_256x240-07460e843c3e59aaadbb34231e699e856a2980753c7a47b66447da5d9f93fb7f.png":{"logical_path":"jquery-ui/ui-icons_454545_256x240.png","mtime":"2015-10-28T14:18:51-04:00","size":4369,"digest":"07460e843c3e59aaadbb34231e699e856a2980753c7a47b66447da5d9f93fb7f","integrity":"sha256-B0YOhDw+WaqtuzQjHmmehWopgHU8eke2ZEfaXZ+T+38="},"jquery-ui/ui-icons_888888_256x240-ea2e29625de3463465e93b002b065f5833e05b97f7a052b1c141e754d62e1a8b.png":{"logical_path":"jquery-ui/ui-icons_888888_256x240.png","mtime":"2015-10-28T14:18:51-04:00","size":4369,"digest":"ea2e29625de3463465e93b002b065f5833e05b97f7a052b1c141e754d62e1a8b","integrity":"sha256-6i4pYl3jRjRl6TsAKwZfWDPgW5f3oFKxwUHnVNYuGos="},"jquery-ui/ui-icons_cd0a0a_256x240-1e32c6dbf5d3fd342f27a78aa881550d6412aa207f48468724a6a15402b6041b.png":{"logical_path":"jquery-ui/ui-icons_cd0a0a_256x240.png","mtime":"2015-10-28T14:18:51-04:00","size":4369,"digest":"1e32c6dbf5d3fd342f27a78aa881550d6412aa207f48468724a6a15402b6041b","integrity":"sha256-HjLG2/XT/TQvJ6eKqIFVDWQSqiB/SEaHJKahVAK2BBs="}},"assets":{"application.js":"application-7a0b75a887eea7e70b1dc46815e600a6ecf708890ac02bdc3bac7c54c078c72e.js","application.css":"application-088d9a6085f2d973e75cc7ebdc411e0bc6ef029d8340ad58f8c282fdeb4890dd.css","bootstrap/glyphicons-halflings-regular.eot":"bootstrap/glyphicons-halflings-regular-f495f34e4f177cf0115af995bbbfeb3fcabc88502876e76fc51a4ab439bc8431.eot","bootstrap/glyphicons-halflings-regular.svg":"bootstrap/glyphicons-halflings-regular-d168d50a88c730b4e6830dc0da2a2b51dae4658a77d9619943c27b8ecfc19d1a.svg","bootstrap/glyphicons-halflings-regular.ttf":"bootstrap/glyphicons-halflings-regular-bd18efd3efd70fec8ad09611a20cdbf99440b2c1d40085c29be036f891d65358.ttf","bootstrap/glyphicons-halflings-regular.woff":"bootstrap/glyphicons-halflings-regular-fc969dc1c6ff531abcf368089dcbaf5775133b0626ff56b52301a059fc0f9e1e.woff","jquery-ui/ui-bg_flat_0_aaaaaa_40x100.png":"jquery-ui/ui-bg_flat_0_aaaaaa_40x100-9a8492a580bf85d3e98ae8861fbd45567e5a1f83eeafcf9574da0399d5f602ab.png","jquery-ui/ui-bg_flat_75_ffffff_40x100.png":"jquery-ui/ui-bg_flat_75_ffffff_40x100-39ab7ccd9f4e82579da78a9241265df288d8eb65dbbd7cf48aed2d0129887df5.png","jquery-ui/ui-bg_glass_55_fbf9ee_1x400.png":"jquery-ui/ui-bg_glass_55_fbf9ee_1x400-691597e8a40a891ea94d3589976ecfc33e6145c49422443b00ac2b5a0022964c.png","jquery-ui/ui-bg_glass_65_ffffff_1x400.png":"jquery-ui/ui-bg_glass_65_ffffff_1x400-f0e6cd91b837d5c5644d026e5ffeccd907953317cd5c0f689901733afda260b2.png","jquery-ui/ui-bg_glass_75_dadada_1x400.png":"jquery-ui/ui-bg_glass_75_dadada_1x400-c108f5cbf2dd9ec07a26530695ddd95e1664597ce6c056ae44c162cc2e28cec4.png","jquery-ui/ui-bg_glass_75_e6e6e6_1x400.png":"jquery-ui/ui-bg_glass_75_e6e6e6_1x400-ddf5dd4e0ef2b185e8bb0af7b6e90ebe74a84384cb4700658e76e754c8bfe550.png","jquery-ui/ui-bg_glass_95_fef1ec_1x400.png":"jquery-ui/ui-bg_glass_95_fef1ec_1x400-f6f1c1bedf1a0f37cfef81d12f5f012869d1ee7c984775a569827a1784d34f5c.png","jquery-ui/ui-bg_highlight-soft_75_cccccc_1x100.png":"jquery-ui/ui-bg_highlight-soft_75_cccccc_1x100-54270656df079c4da5182629a080fc633b6f84b87985eb016d25a560e2c38d4a.png","jquery-ui/ui-icons_222222_256x240.png":"jquery-ui/ui-icons_222222_256x240-57adb0d65f4e91dacfee975d9574422bee7486c8a182d60133728c672f2cdbbc.png","jquery-ui/ui-icons_2e83ff_256x240.png":"jquery-ui/ui-icons_2e83ff_256x240-20f8c6667afc48aa433ee9eb6d8a0584bdbd6b4a4a9091ff1e6b3adb31e63bd9.png","jquery-ui/ui-icons_454545_256x240.png":"jquery-ui/ui-icons_454545_256x240-07460e843c3e59aaadbb34231e699e856a2980753c7a47b66447da5d9f93fb7f.png","jquery-ui/ui-icons_888888_256x240.png":"jquery-ui/ui-icons_888888_256x240-ea2e29625de3463465e93b002b065f5833e05b97f7a052b1c141e754d62e1a8b.png","jquery-ui/ui-icons_cd0a0a_256x240.png":"jquery-ui/ui-icons_cd0a0a_256x240-1e32c6dbf5d3fd342f27a78aa881550d6412aa207f48468724a6a15402b6041b.png"}}